﻿Designator,Quantity,Value,Footprint,Package,MPN,DNP,Mount_Type,Description,Height,Mouser Part Number,Mouser Price/Stock,Manufacturer_Name,Manufacturer,Manufacturer URL,Published Date,Match Code,Size,Mounting Technology,C,Tol. C,VR (V (AC)),Operating Temperature,Safety Class,VIMP (V (DC)),DF (%),RISO,Ceramic Type,L (mm),W (mm),H (mm),Fl (mm),Critical Parameter,Sim.Pins,Sim.Device,Arrow Part Number,Arrow Price/Stock,Description_1,L (µH),IR (A),ISAT (A),RDC max. (Ω),fres (MHz),Q (%),L (mH),RDC max. (mΩ),VT (V (AC)),Material,"IRP,40K (A)","ISAT,30% (A)",RDC typ. (mΩ),VOP (V),Sim.Library,Sim.Name
BR1,1,DBLS209G_RD,SOP510P1005X293-4N,,DBLS209G RD,,smt,"Taiwan Semiconductor DBLS209G RD, Bridge Rectifier, 2A 1400V, 4-Pin DBLS",2.93,821-DBLS209GRD,https://www.mouser.co.uk/ProductDetail/Taiwan-Semiconductor/DBLS209G-RD/?qs=dv9KMQQLqv2TB7C%252BnZjWGQ%3D%3D,Taiwan Semiconductor,,,,,,,,,,,,,,,,,,,,,,,,,,,,,,,,,,,,,,,,,
C1,1,1u X7R 50V 0805,C_0805_2012Metric,,,,smt,Unpolarized capacitor,,,,,,,,,,,,,,,,,,,,,,,,,,,,,,,,,,,,,,,,,,,,,
"C10, C11, C12, C19, C20, C21",6,10u 50V X7R 1210,C_1210_3225Metric,,,,smt,Unpolarized capacitor,,,,,,,,,,,,,,,,,,,,,,,,,,,,,,,,,,,,,,,,,,,,,
"C101, C102, C106",3,B32921C3104M189,B32921C__13_x_6_,,B32921C3104M189,,tht,"EMI Suppression Capacitors, 0.1uF, 305Vrms AC, 6m(W) x 12m(H) x 13m(L)",,871-B32921C3104M189,https://www.mouser.co.uk/ProductDetail/EPCOS-TDK/B32921C3104M189?qs=w5o0Loj0u7P8VuBjiTwLRg%3D%3D,TDK,,,,,,,,,,,,,,,,,,,,,,,,,,,,,,,,,,,,,,,,,
"C103, C104, C108, C109",4,B32021A3222M189,B32021__13_x_4_,,B32021A3222M189,,tht,"EMI Suppression Capacitors, 0.0022uF, 300Vrms AC, 4m(W) x 9m(H) x 13m(L)",,871-B32021A3222M189,https://www.mouser.co.uk/ProductDetail/EPCOS-TDK/B32021A3222M189?qs=FNSAlmj86E1UZItQdZ73ug%3D%3D,TDK,,,,,,,,,,,,,,,,,,,,,,,,,,,,,,,,,,,,,,,,,
C105,1,400BXW27MEFR10X25,CAPPRD500W60D1025H2700,,400BXW27MEFR10X25,,tht,Aluminum Electrolytic Capacitors - Radial Leaded LONG LIFE ELECTROLYTIC CAPACITORS,27,232-400BXW27MEFR10X2,https://www.mouser.co.uk/ProductDetail/Rubycon/400BXW27MEFR10X25?qs=T3oQrply3y%2FQPrLU5wk05Q%3D%3D,Rubycon,,,,,,,,,,,,,,,,,,,,,,,,,,,,,,,,,,,,,,,,,
C107,1,MKP1G031004D00JSC4,MKP1G031004D00JSC4,,MKP1G031004D00JSC4,,tht,Film Capacitors .1uF 400 Volts 10%,14,505-MKP1G031004DJSC4,https://www.mouser.co.uk/ProductDetail/WIMA/MKP1G031004D00JSC4?qs=mjnqRw4WRubbznjROh7LJA%3D%3D,WIMA,,,,,,,,,,,,,,,,,,,,,,,,,,,,,,,,,,,,,,,,,
C13,1,220p 250V X7R 0805,C_0805_2012Metric,,,,smt,Unpolarized capacitor,,,,,,,,,,,,,,,,,,,,,,,,,,,,,,,,,,,,,,,,,,,,,
C14,1,220p 0603,C_0603_1608Metric,,,,smt,Unpolarized capacitor,,,,,,,,,,,,,,,,,,,,,,,,,,,,,,,,,,,,,,,,,,,,,
"C15, C8",2,100nF 0603,C_0603_1608Metric,,,,smt,Unpolarized capacitor,,,,,,,,,,,,,,,,,,,,,,,,,,,,,,,,,,,,,,,,,,,,,
"C16, C17, C43, C45, C47, C5, C56",7,10µ X7R 50V 1210,C_1210_3225Metric,,,,smt,Unpolarized capacitor,,,,,,,,,,,,,,,,,,,,,,,,,,,,,,,,,,,,,,,,,,,,,
C18,1,470p 100V 0805,C_0805_2012Metric,,,,smt,Unpolarized capacitor,,,,,,,,,,,,,,,,,,,,,,,,,,,,,,,,,,,,,,,,,,,,,
C2,1,100µ 35V,CP_Radial_D8.0mm_P3.50mm,,,,tht,Polarized capacitor,,,,,,,,,,,,,,,,,,,,,,,,,,,,,,,,,,,,,,,,,,,,,
"C22, C25, C27, C28, C29, C3, C4, C46",8,100n 0603,C_0603_1608Metric,,,,smt,Unpolarized capacitor,,,,,,,,,,,,,,,,,,,,,,,,,,,,,,,,,,,,,,,,,,,,,
C23,1,4n7 0603,C_0603_1608Metric,,,,smt,Unpolarized capacitor,,,,,,,,,,,,,,,,,,,,,,,,,,,,,,,,,,,,,,,,,,,,,
"C24, C6",2,2211_8853522130151,C_Wurth_WCAP-CSSA-2211,,8853522130151,,smt,MLCCS Interference Suppression Safety Capacitors,,,,,Wurth Elektronik,https://www.we-online.com,20250314,WCAP-CSSA,2211,SMT,2.2 nF,±10%,250,-55 °C up to +125 °C,X1 / Y2,5000,2.5,10 GΩ,X7R Class II,5.7,2.8,2.5,0.6,2.2 nF / 250 VAC,,,,,,,,,,,,,,,,,,,,,
"C26, C53",2,1n 0603,C_0603_1608Metric,,,,smt,Unpolarized capacitor,,,,,,,,,,,,,,,,,,,,,,,,,,,,,,,,,,,,,,,,,,,,,
"C30, C31, C36, C37, C39",5,10u X7R 1210,C_1210_3225Metric,,,,smt,Unpolarized capacitor,,,,,,,,,,,,,,,,,,,,,,,,,,,,,,,,,,,,,,,,,,,,,
"C32, C33, C34, C35",4,100n 50V 0603,C_0603_1608Metric,,,,smt,Unpolarized capacitor,,,,,,,,,,,,,,,,,,,,,,,,,,,,,,,,,,,,,,,,,,,,,
C38,1,10n 50V 0603,C_0603_1608Metric,,,,smt,Unpolarized capacitor,,,,,,,,,,,,,,,,,,,,,,,,,,,,,,,,,,,,,,,,,,,,,
"C40, C41, C48, C54",4,100p 0603,C_0603_1608Metric,,,,smt,Unpolarized capacitor,,,,,,,,,,,,,,,,,,,,,,,,,,,,,,,,,,,,,,,,,,,,,
C42,1,220µ 35V,CP_Radial_D8.0mm_P3.50mm,,,,tht,Polarized capacitor,,,,,,,,,,,,,,,,,,,,,,,,,,,,,,,,,,,,,,,,,,,,,
C44,1,100n 0603,C_0805_2012Metric,,,,smt,Unpolarized capacitor,,,,,,,,,,,,,,,,,,,,,,,,,,,,,,,,,,,,,,,,,,,,,
"C49, C50",2,10p 1% 600V 1206,C_1206_3216Metric,,,,smt,Unpolarized capacitor,,,,,,,,,,,,,,,,,,,,,,,,,,,,,,,,,,,,,,,,,,,,,
C51,1,1n 1% C0G 0603,C_0603_1608Metric,,,,smt,Unpolarized capacitor,,,,,,,,,,,,,,,,,,,,,,,,,,,,,,,,,,,,,,,,,,,,,
C52,1,47n 0603,C_0603_1608Metric,,,,smt,Unpolarized capacitor,,,,,,,,,,,,,,,,,,,,,,,,,,,,,,,,,,,,,,,,,,,,,
C55,1,1u 0603,C_0603_1608Metric,,,,smt,Unpolarized capacitor,,,,,,,,,,,,,,,,,,,,,,,,,,,,,,,,,,,,,,,,,,,,,
C7,1,100pF NP0 0603,C_0603_1608Metric,,,,smt,Unpolarized capacitor,,,,,,,,,,,,,,,,,,,,,,,,,,,,,,,,,,,,,,,,,,,,,
C9,1,100pF NP0 1206,C_1206_3216Metric,,,,smt,Unpolarized capacitor,,,,,,,,,,,,,,,,,,,,,,,,,,,,,,,,,,,,,,,,,,,,,
"D1, D16, D17, D18, D19, D20, D21, D3, D7",9,BAT54J,D_SOD-323F,,,,smt,"30V 200mA Schottky diode, SOD-323F",,,,,,,,,,,,,,,,,,,,,,,,,,,,,,,,,,,,,,,,,,,,,
D10,1,3KASMC24AHE3,D_SMC,,,,smt,"Zener diode, filled shape",,,,,,,,,,,,,,,,,,,,,,,,,,,,,,,,,,,,,,,,,,,,,
D11,1,LED rd 0603,LED_0603_1608Metric,,,,smt,Light emitting diode,,,,,,,,,,,,,,,,,,,,,,,,,1=K 2=A,,,,,,,,,,,,,,,,,,,,
"D12, D15",2,LED gr 0603,LED_0603_1608Metric,,,,smt,Light emitting diode,,,,,,,,,,,,,,,,,,,,,,,,,1=K 2=A,,,,,,,,,,,,,,,,,,,,
"D13, D14",2,D5V0P4UR6SO-7,SOT95P285X140-6N,,D5V0P4UR6SO-7,,smt,ESD Suppressors / TVS Diodes General Protection PP,1.4,621-D5V0P4UR6SO-7,https://www.mouser.co.uk/ProductDetail/Diodes-Incorporated/D5V0P4UR6SO-7?qs=rN85NNvew%2FSjbewGRfhy7A%3D%3D,Diodes Incorporated,,,,,,,,,,,,,,,,,,,,,,,,,,,,,,,,,,,,,,,,,
"D2, D5, D8",3,RGF1M,D_SMA,,,,smt,Diode,,,,,,,,,,,,,,,,,,,,,,,,,1=K 2=A,D,,,,,,,,,,,,,,,,,,,
D4,1,16V,D_SOD-323,,,,smt,Zener diode,,,,,,,,,,,,,,,,,,,,,,,,,,,,,,,,,,,,,,,,,,,,,
D6,1,24V,D_SOD-323,,,,smt,Zener diode,,,,,,,,,,,,,,,,,,,,,,,,,,,,,,,,,,,,,,,,,,,,,
D9,1,5V6,D_SOD-323,,,,smt,Zener diode,,,,,,,,,,,,,,,,,,,,,,,,,,,,,,,,,,,,,,,,,,,,,
F1,1,2A,Fuse_1206_3216Metric,,,,smt,Fuse,,,,,,,,,,,,,,,,,,,,,,,,,,,,,,,,,,,,,,,,,,,,,
F2,1,Polyfuse 200 mA,Fuse_1206_3216Metric,,,,smt,Fuse,,,,,,,,,,,,,,,,,,,,,,,,,,,,,,,,,,,,,,,,,,,,,
F3,1,37204000431,37204000431,,37204000431,,tht,"400 mA 250 V AC DC Fuse Board Mount (Cartridge Style Excluded) Through Hole Radial, Can, Vertical",8,576-3720400000,https://www.mouser.co.uk/ProductDetail/Littelfuse/37204000431?qs=jo8HGK3DeDokU6APR3uXCg%3D%3D,LITTELFUSE,,,,,,,,,,,,,,,,,,,,,,,,,,,,,,,,,,,,,,,,,
IC1,1,NCP12510ASN65T1G,SOT95P275X110-6N,,NCP12510ASN65T1G,,smt,"Non-dissipative internal and adjustable Over Power Protection (OPP) circuits; Frequency Foldback down to 26 kHz and Skip-Cycle in light load conditions; Frequency jittering from full load to skip-cycle; Rich Set of Integrated Protections: Pre-short, OPP, OVP, OCP, SCP, OTP with AutoRecovery or Latched Options.; Improved IC Power Consumption; Internal Ramp Compensation; High Robustness and High ESD Capabilities",1.1,863-NCP12510ASN65T1G,https://www.mouser.co.uk/ProductDetail/onsemi/NCP12510ASN65T1G?qs=OycAS1CGnlhu23OVgmWa3A%3D%3D,onsemi,,,,,,,,,,,,,,,,,,,,,,,NCP12510ASN65T1G,https://www.arrow.com/en/products/ncp12510asn65t1g/on-semiconductor?region=nac,,,,,,,,,,,,,,,,,
IC2,1,SFH6156-3,SOP254P978X406-4N,,SFH6156-3,,smt,Optocoupler DC-IN 1-CH Transistor DC-OUT 4-Pin PDIP SMD,4.059,782-SFH6156-3,https://www.mouser.co.uk/ProductDetail/Vishay-Semiconductors/SFH6156-3?qs=xCMk%252BIHWTZNcqmFxlIhrAw%3D%3D,Vishay,,,,,,,,,,,,,,,,,,,,,,,,,,,,,,,,,,,,,,,,,
IC3,1,STM32G071KBT6,QFP80P900X900X160-32N,,STM32G071KBT6,,smt,"STMICROELECTRONICS - STM32G071KBT6 - MCU, 32BIT, 64MHZ, LQFP-32",1.6,511-STM32G071KBT6,https://www.mouser.co.uk/ProductDetail/STMicroelectronics/STM32G071KBT6?qs=PqoDHHvF64%252BDrATb7J0X1Q%3D%3D,STMicroelectronics,,,,,,,,,,,,,,,,,,,,,,,,,,,,,,,,,,,,,,,,,
IC4,1,INA210,SOT-363_SC-70-6,,,,smt,,,,,,,,,,,,,,,,,,,,,,,,,,,,,,,,,,,,,,,,,,,,,,
"IC5, IC6",2,AP63300WU-7,SOT95P280X90-6N,,AP63300WU-7,,smt,DCDC CONV HV BUCK TSOT26,0.9,621-AP63300WU-7,https://www.mouser.co.uk/ProductDetail/Diodes-Incorporated/AP63300WU-7?qs=bZr6mbWTK5nNNXnHDcrFZg%3D%3D,Diodes Incorporated,,,,,,,,,,,,,,,,,,,,,,,,,,,,,,,,,,,,,,,,,
IC7,1,LP2985-33DBVR,SOT95P280X145-5N,,LP2985-33DBVR,,smt,150-mA Low-noise Low-dropout Regulator With Shutdown,1.45,595-LP2985-33DBVR,https://www.mouser.co.uk/ProductDetail/Texas-Instruments/LP2985-33DBVR?qs=paYhMW8qfiswyUdMjD%2FxlQ%3D%3D,Texas Instruments,,,,,,,,,,,,,,,,,,,,,,,,,,,,,,,,,,,,,,,,,
IC8,1,1ED44175N01BXTSA1,SOT-23-6,,1ED44175N01BXTSA1,,smt,Gate Drivers LOW SIDE DRIVERS,1.45,726-1ED44175N01BXTSA,https://www.mouser.co.uk/ProductDetail/Infineon-Technologies/1ED44175N01BXTSA1?qs=xZ%2FP%252Ba9zWqY991sK4YONgQ%3D%3D,Infineon,,,,,,,,,,,,,,,,,,,,,,,,,,,,,,,,,,,,,,,,,
J1,1,B04B-XASK-1_LF__SN_,B04BXASK1LFSN,,B04B-XASK-1(LF)(SN),,tht,"Connector Header Through Hole  position 0.098"" (2.50mm)",8.8,306-B04BXASK1LFSN,https://www.mouser.co.uk/ProductDetail/JST-Commercial/B04B-XASK-1LFSN?qs=QpmGXVUTftEyiRk8ymAN7w%3D%3D,JST (JAPAN SOLDERLESS TERMINALS),,,,,,,,,,,,,,,,,,,,,,,,,,,,,,,,,,,,,,,,,
J2,1,B08B-XASK-1-A_LF__SN_,JST_XA_B08B-XASK-1-A_1x08_P2.50mm_Vertical,,B08B-XASK-1-A(LF)(SN),,tht,"Connector Header Through Hole 8 position 0.098"" (2.50mm)",8.8,306-B08BXASK1ALFSN,https://www.mouser.co.uk/ProductDetail/JST-Commercial/B08B-XASK-1-ALFSN?qs=QpmGXVUTftHjBuoGTi%2FN1Q%3D%3D,JST (JAPAN SOLDERLESS TERMINALS),,,,,,,,,,,,,,,,,,,,,,,,,,,,,,,,,,,,,,,,,
J4,1,BM02B-SRSS-TB_LF__SN_,BM02BSRSSTBLFSN,,BM02B-SRSS-TB(LF)(SN),,smt,"Wire To Board / Wire To Wire Connector SMD,P=1mm RoHS",4.25,,,JST (JAPAN SOLDERLESS TERMINALS),,,,,,,,,,,,,,,,,,,,,,,,,,,,,,,,,,,,,,,,,
J5,1,B4B-PH-K-S_LF__SN_,B4B-PH-K-S,,B4B-PH-K-S(LF)(SN),,tht,Conn Shrouded Header (4 Sides) HDR 4 POS 2mm Solder ST Top Entry Thru-Hole Box,6,306-B4BPHKSLFSNPP,https://www.mouser.co.uk/ProductDetail/JST-Commercial/B4B-PH-K-SLFSN?qs=cdbOS8ANM9DXdpq6lW45vA%3D%3D,JST (JAPAN SOLDERLESS TERMINALS),,,,,,,,,,,,,,,,,,,,,,,,,Conn Shrouded Header (4 Sides) HDR 4 POS 2mm Solder ST Top Entry Thru-Hole Box,,,,,,,,,,,,,,,,
J6,1,B5P-VH,CONN_B2P5-VH_JST,,,,tht,,,,,,,,,,,,,,,,,,,,,,,,,,,,,,,,,,,,,,,,,,,,,,
"L1, L5",2,1812_744045008,L_Wurth_WE-LQ-1812,,744045008,,smt,Unshielded Power Inductor,,,,,Wurth Elektronik,https://www.we-online.com,20250324,WE-LQ,1812,SMT,,,,,,,,,,,,,,8.2 µH,,,,,,8.2,1.0,1.6,0.25,34,36,,,,,,,,,,
L101,1,TypeXS_744821039,L_Wurth_WE-CMB-XS_744821039,,744821039,,tht,Common Mode Power Line Choke,,,,,Wurth Elektronik,https://www.we-online.com,20250214,WE-CMB,TypeXS,THT,,,250,,,,,,,15.8,7.8,18.0,,0.3 A,,,,,,,0.3,,,,,39.0,3000.0,1500,MnZn,,,,,,
L102,1,7447037,L_Wurth_WE-FI_7447037,,7447037,,tht,Leaded Toroidal Line Choke,,,,,Wurth Elektronik,https://www.we-online.com,20250324,WE-FI,,THT,,,,,,,,,,,,,,360.0 µH,,,,,,360.0,0.9,,0.45,,,,,,,,,,,,
L104,1,750343466,750343466,,750343466,,tht,Flyback Converters For For AC/DC Converters SMPS Transformer 3000V Isolation 100kHz Through Hole,16.5,,,Wurth Elektronik,,,,,,,,,,,,,,,,,,,,,,,,,,,,,,,,,,,,,,,,,
L2,1,L,L_0805_2012Metric,,,,smt,Inductor,,,,,,,,,,,,,,,,,,,,,,,,,,,,,,,,,,,,,,,,,,,,,
"L3, L4",2,4030_74438357068,L_Wurth_WE-MAPI-4030,,74438357068,,smt,Shielded Power Inductor,,,,,Wurth Elektronik,https://www.we-online.com,20250320,WE-MAPI,4030,SMT,,,,,,,,,,,,,,6.8 µH,,,,,,6.8,,,,19.5,,,,,,3.75,7.2,69.4,80,,
L6,1,ETD29,ETD29_OSLUV_V2,,B66359B1013T001,,tht,"Ferrite Accessories, E Cores Accessories(EFD/ER/ETD), Coil former (ETD 29/16/10)",25,871-B66359B1013T001,https://www.mouser.co.uk/ProductDetail/EPCOS-TDK/B66359B1013T001?qs=w5o0Loj0u7PJX8yNctw%252B%252Bw%3D%3D,TDK,,,,,,,,,,,,,,,,,,,,,,,,,,,,,,,,,,,,,,,,,
M1,1,~,FK 274 MI 247 V,,,,smt,,,,,,,,,,,,,,,,,,,,,,,,,,,,,,,,,,,,,,,,,,,,,,
Q1,1,STD3NK80ZT4,TO-252-2,,,,smt,"N-MOSFET transistor, gate/drain/source",,,,,,,,,,,,,,,,,,,,,,,,,,,,,,,,,,,,,,,,,,,,,
"Q2, Q4, Q5",3,DCX114EU-7-F,SOT65P210X110-6N,,DCX114EU-7-F,,smt,"Diodes Inc, DCX114EU-7-F, Dual NPN+PNP Digital Transistor, 100mA 50V Ratio Of 10 k, 6-Pin SOT-363",1.1,621-DCX114EU-F,https://www.mouser.co.uk/ProductDetail/Diodes-Incorporated/DCX114EU-7-F?qs=FWY5TENB76K1Fe%2F9QqOVGw%3D%3D,Diodes Incorporated,,,,,,,,,,,,,,,,,,,,,,,,,,,,,,,,,,,,,,,,,
Q3,1,BSS138,SOT-23,,,,smt,"50V Vds, 0.22A Id, N-Channel MOSFET, SOT-23",,,,,,,,,,,,,,,,,,,,,,,,,,,,,,,,,,,,,,,,,,,,,
Q6,1,BC847,SOT-23,,,,smt,"0.1A Ic, 45V Vce, NPN Transistor, SOT-23",,,,,,,,,,,,,,,,,,,,,,,,,,,,,,,,,,,,,,,,,,,,,
"R1, R2, R3",3,1R8 5% 1206,R_1206_3216Metric,,,,smt,Resistor,,,,,,,,,,,,,,,,,,,,,,,,,,,,,,,,,,,,,,,,,,,,,
"R10, R9",2,20k 1206,R_1206_3216Metric,,,,smt,Resistor,,,,,,,,,,,,,,,,,,,,,,,,,,,,,,,,,,,,,,,,,,,,,
R11,1,10R 1206,R_1206_3216Metric,,,,smt,Resistor,,,,,,,,,,,,,,,,,,,,,,,,,,,,,,,,,,,,,,,,,,,,,
"R12, R20, R33, R34, R37, R46, R47, R52, R55, R58, R59, R73, R74, R75, R79, R82",16,10k 0603,R_0603_1608Metric,,,,smt,Resistor,,,,,,,,,,,,,,,,,,,,,,,,,,,,,,,,,,,,,,,,,,,,,
"R13, R26, R4, R5",4,51R 0805,R_0805_2012Metric,,,,smt,Resistor,,,,,,,,,,,,,,,,,,,,,,,,,,,,,,,,,,,,,,,,,,,,,
R14,1,220R 0603,R_0603_1608Metric,,,,smt,Resistor,,,,,,,,,,,,,,,,,,,,,,,,,,,,,,,,,,,,,,,,,,,,,
R15,1,30k1 0603,R_0603_1608Metric,,,,smt,Resistor,,,,,,,,,,,,,,,,,,,,,,,,,,,,,,,,,,,,,,,,,,,,,
"R16, R23, R49",3,220k 0603,R_0603_1608Metric,,,,smt,Resistor,,,,,,,,,,,,,,,,,,,,,,,,,,,,,,,,,,,,,,,,,,,,,
"R17, R27, R36, R38, R61, R62, R77",7,1k 0603,R_0603_1608Metric,,,,smt,Resistor,,,,,,,,,,,,,,,,,,,,,,,,,,,,,,,,,,,,,,,,,,,,,
R18,1,120R 1206,R_1206_3216Metric,,,,smt,Resistor,,,,,,,,,,,,,,,,,,,,,,,,,,,,,,,,,,,,,,,,,,,,,
"R19, R72",2,3k3 0603,R_0603_1608Metric,,,,smt,Resistor,,,,,,,,,,,,,,,,,,,,,,,,,,,,,,,,,,,,,,,,,,,,,
"R21, R22, R25",3,4k7 0603,R_0603_1608Metric,,,,smt,Resistor,,,,,,,,,,,,,,,,,,,,,,,,,,,,,,,,,,,,,,,,,,,,,
R24,1,86k6 0603,R_0603_1608Metric,,,,smt,Resistor,,,,,,,,,,,,,,,,,,,,,,,,,,,,,,,,,,,,,,,,,,,,,
"R28, R29, R30, R44, R45, R54",6,100R 0603,R_0603_1608Metric,,,,smt,Resistor,,,,,,,,,,,,,,,,,,,,,,,,,,,,,,,,,,,,,,,,,,,,,
"R31, R32, R51",3,1k5 0603,R_0603_1608Metric,,,,smt,Resistor,,,,,,,,,,,,,,,,,,,,,,,,,,,,,,,,,,,,,,,,,,,,,
R35,1,0R02 1% 1206,R_1206_3216Metric,,,,smt,Resistor,,,,,,,,,,,,,,,,,,,,,,,,,,,,,,,,,,,,,,,,,,,,,
R39,1,10R 0603,R_0603_1608Metric,,,,smt,Resistor,,,,,,,,,,,,,,,,,,,,,,,,,,,,,,,,,,,,,,,,,,,,,
"R40, R41, R53, R56",4,2k2 0603,R_0603_1608Metric,,,,smt,Resistor,,,,,,,,,,,,,,,,,,,,,,,,,,,,,,,,,,,,,,,,,,,,,
"R42, R43",2,680R 0805,R_0805_2012Metric,,,,smt,Resistor,,,,,,,,,,,,,,,,,,,,,,,,,,,,,,,,,,,,,,,,,,,,,
"R48, R78",2,10Meg 0603,R_0603_1608Metric,,,,smt,Resistor,,,,,,,,,,,,,,,,,,,,,,,,,,,,,,,,,,,,,,,,,,,,,
R50,1,39k 0603,R_0603_1608Metric,,,,smt,Resistor,,,,,,,,,,,,,,,,,,,,,,,,,,,,,,,,,,,,,,,,,,,,,
R57,1,100k 0603,R_0603_1608Metric,,,,smt,Resistor,,,,,,,,,,,,,,,,,,,,,,,,,,,,,,,,,,,,,,,,,,,,,
R6,1,300R 0603,R_0603_1608Metric,,,,smt,Resistor,,,,,,,,,,,,,,,,,,,,,,,,,,,,,,,,,,,,,,,,,,,,,
"R60, R63",2,150R 0805,R_0805_2012Metric,,,,smt,Resistor,,,,,,,,,,,,,,,,,,,,,,,,,,,,,,,,,,,,,,,,,,,,,
"R64, R80",2,18k 0603,R_0603_1608Metric,,,,smt,Resistor,,,,,,,,,,,,,,,,,,,,,,,,,,,,,,,,,,,,,,,,,,,,,
"R65, R66",2,0R22 1206,R_1206_3216Metric,,,,smt,Resistor,,,,,,,,,,,,,,,,,,,,,,,,,,,,,,,,,,,,,,,,,,,,,
"R67, R68",2,1Meg 0.1% 500V 1206,R_1206_3216Metric,,,,smt,Resistor,,,,,,,,,,,,,,,,,,,,,,,,,,,,,,,,,,,,,,,,,,,,,
R69,1,12k 0.1% 0603,R_0603_1608Metric,,,,smt,Resistor,,,,,,,,,,,,,,,,,,,,,,,,,,,,,,,,,,,,,,,,,,,,,
"R7, R8",2,820k 1206,R_1206_3216Metric,,,,smt,Resistor,,,,,,,,,,,,,,,,,,,,,,,,,,,,,,,,,,,,,,,,,,,,,
"R70, R71",2,180R 1206/MMA,R_1206_3216Metric,,,,smt,Resistor,,,,,,,,,,,,,,,,,,,,,,,,,,,,,,,,,,,,,,,,,,,,,
R76,1,33R 0603,R_0603_1608Metric,,,,smt,Resistor,,,,,,,,,,,,,,,,,,,,,,,,,,,,,,,,,,,,,,,,,,,,,
R81,1,DNP,R_0603_1608Metric,,,Yes,smt,Resistor,,,,,,,,,,,,,,,,,,,,,,,,,,,,,,,,,,,,,,,,,,,,,
RT1,1,B57235S0509M000,B57235S0509M000,,B57235S0509M000,,tht,"EPCOS - B57235S0509M000 - Thermistor, ICL NTC, 5 ohm, -20% to +20%, Radial Leaded, B57235S0 Series",14,871-B57235S0509M000,https://www.mouser.co.uk/ProductDetail/EPCOS-TDK/B57235S0509M000?qs=AKDv8POSxR001FUcTQlcYw%3D%3D,TDK,,,,,,,,,,,,,,,,,,,,,,,,,,,,,,,,,,,,,,,,,
RV1,1,B72207S2301K101,B72207S2301K101,,B72207S2301K101,,tht,"Leaded Disk Varistors, Max. Operating Voltage [AC]=300Vrms, Max. Surge Current Imax(8/20us,1time)=1750A",11,871-B72207S2301K101,https://www.mouser.co.uk/ProductDetail/EPCOS-TDK/B72207S2301K101?qs=xN3cbABbNRYd7lm30fFKQQ%3D%3D,TDK,,,,,,,,,,,,,,,,,,,,,,,,,,,,,,,,,,,,,,,,,
ST1,1,643495-2,643495-2,,,,tht,,,,,,,,,,,,,,,,,,,,,,,,,,,,,,,,,,,,,,,,,,,,,,
ST2,1,640445-2,6404452,,640445-2,,tht,Configuration Features: PCB Mount Orientation Vertical | Number of Power Positions 2 | Number of Positions 2 | Number of Rows 1 | Contact Features: Contact Mating Area Plating Material Thickness 2.54 MICM | Contact Type Pin | Contact Layout Inline | Mating Post Length 10.16 MM | Mating Post Length .4 INCH | Contact Mating Area Plating Material Tin | PCB Contact Termination Area Plating Material Tin | Contact Mating Area Plating Material Thickness 100 MICIN | Contact Retention Within Housing Without | Contac,11.049,5716404452,https://www.mouser.co.uk/ProductDetail/TE-Connectivity-AMP/640445-2?qs=P8zzrVhehau7EdfErby3cQ%3D%3D,TE Connectivity,,,,,,,,,,,,,,,,,,,,,,,,,,,,,,,,,,,,,,,,,
T1,1,T_NMOS_DSKG,TO-247-4_Vertical,,,,tht,"N-MOSFET transistor, gate/drain/source",,,,,,,,,,,,,,,,,,,,,,,,,,,,,,,,,,,,,,,,,,,,,
TH1,1,PTC 680R 80°C,R_0805_2012Metric,,,,smt,"Temperature dependent resistor, negative temperature coefficient",,,,,,,,,,,,,,,,,,,,,,,,,,,,,,,,,,,,,,,,,,,,,
TP1,1,24V,TestPoint_Pad_D1.0mm,,,,tht,test point,,,,,,,,,,,,,,,,,,,,,,,,,,,,,,,,,,,,,,,,,,,,,
TP10,1,Gate,TestPoint_Pad_D1.0mm,,,,tht,test point,,,,,,,,,,,,,,,,,,,,,,,,,,,,,,,,,,,,,,,,,,,,,
TP11,1,OCP,TestPoint_Pad_D1.0mm,,,,tht,test point,,,,,,,,,,,,,,,,,,,,,,,,,,,,,,,,,,,,,,,,,,,,,
TP12,1,GND,TestPoint_THTPad_2.0x2.0mm_Drill1.0mm,,,,tht,test point,,,,,,,,,,,,,,,,,,,,,,,,,,,,,,,,,,,,,,,,,,,,,
TP13,1,iLamp,TestPoint_Pad_D1.0mm,,,,tht,test point,,,,,,,,,,,,,,,,,,,,,,,,,,,,,,,,,,,,,,,,,,,,,
TP14,1,uLamp,TestPoint_Pad_D1.0mm,,,,tht,test point,,,,,,,,,,,,,,,,,,,,,,,,,,,,,,,,,,,,,,,,,,,,,
TP2,1,24V sense,TestPoint_Pad_D1.0mm,,,,tht,test point,,,,,,,,,,,,,,,,,,,,,,,,,,,,,,,,,,,,,,,,,,,,,
TP3,1,24V Power,TestPoint_Pad_D1.0mm,,,,tht,test point,,,,,,,,,,,,,,,,,,,,,,,,,,,,,,,,,,,,,,,,,,,,,
TP4,1,iIn,TestPoint_Pad_D1.0mm,,,,tht,test point,,,,,,,,,,,,,,,,,,,,,,,,,,,,,,,,,,,,,,,,,,,,,
TP5,1,UV LED,TestPoint_Pad_D1.0mm,,,,tht,test point,,,,,,,,,,,,,,,,,,,,,,,,,,,,,,,,,,,,,,,,,,,,,
TP6,1,3V3,TestPoint_Pad_D1.0mm,,,,tht,test point,,,,,,,,,,,,,,,,,,,,,,,,,,,,,,,,,,,,,,,,,,,,,
TP7,1,18V,TestPoint_Pad_D1.0mm,,,,tht,test point,,,,,,,,,,,,,,,,,,,,,,,,,,,,,,,,,,,,,,,,,,,,,
TP8,1,Temp,TestPoint_Pad_D1.0mm,,,,tht,test point,,,,,,,,,,,,,,,,,,,,,,,,,,,,,,,,,,,,,,,,,,,,,
TP9,1,iMOS,TestPoint_Pad_D1.0mm,,,,tht,test point,,,,,,,,,,,,,,,,,,,,,,,,,,,,,,,,,,,,,,,,,,,,,
U1,1,LM2901,TSSOP-14_4.4x5mm_P0.65mm,,,,smt,"Quad Differential Comparators, DIP-14/SOIC-14/TSSOP-14",,,,,,,,,,,,,,,,,,,,,,,,,,,,,,,,,,,,,,,,,,,,,
U2,1,AZ431LANTR,SOT-23,,,,smt,"Shunt Regulator, SOT-23",,,,,,,,,,,,,,,,,,,,,,,,,,,,,,,,,,,,,,,,,,,,,
U3,1,OPA2356AIDGKR,VSSOP-8_3.0x3.0mm_P0.65mm,,,,smt,Dual operational amplifier,,,,,,,,,,,,,,,,,,,,,,,,,1=out1 2=in1- 3=in1+ 4=vee 5=in2+ 6=in2- 7=out2 8=vcc,SUBCKT,,,,,,,,,,,,,,,,,,${KICAD9_SYMBOL_DIR}/Simulation_SPICE.sp,kicad_builtin_opamp_dual
VR1,1,TC33X-2-103E,TC33X2503E,,TC33X-2-103E,,smt,"Cermet 3mm SMT trimmer,0.1W 10k Bourns TC33 Series SMD Cermet Trimmer Resistor with Solder Pad Terminations, 10k?? ??25% 1/10W ??250ppm/??C Top Adjust",1.2,652-TC33X-2-103E,https://www.mouser.co.uk/ProductDetail/Bourns/TC33X-2-103E?qs=fmZCN1JtwVHu68GrI%2FXOWQ%3D%3D,Bourns,,,,,,,,,,,,,,,,,,,,,,,,,,,,,,,,,,,,,,,,,
